[
    {
        "model": "YOLO-v8-obb PT v0",
        "precision": 0.9252,
        "recall": 0.8919,
        "map50": 0.9447,
        "map50_95": 0.6321,
        "iou": 0,
        "epochs": 50
    },
    {
        "model": "YOLO-v8 PT",
        "precision": 0.9002,
        "recall": 0.8297,
        "map50": 0.8902,
        "map50_95": 0.5532,
        "iou": 0,
        "epochs": 50
    },
    {
        "model": "YOLO-v5-NU",
        "precision": 0.8990,
        "recall": 0.8106,
        "map50": 0.8723,
        "map50_95": 0.5515,
        "iou": 0,
        "epochs": 50
    },
    {
        "model": "YOLO-v6",
        "precision": 0.8791,
        "recall": 0.7906,
        "map50": 0.8468,
        "map50_95": 0.5289,
        "iou": 0,
        "epochs": 50
    },
    {
        "model": "D2Go Model",
        "precision": 0.90,
        "recall": 0.85,
        "map50": 0.80,
        "map50_95": 0.75,
        "iou": 0.70,
        "epochs": 1000
    }
]
